tax_id,rank,name,spades_reads,spades_percent,megahit_reads,megahit_percent,total_reads
0,U,unclassified,980538.0,99.92,47812.0,99.0,1028350.0
1,R,root,803.0,0.08,483.0,1.0,1286.0
10239,R1,Viruses,803.0,0.08,483.0,1.0,1286.0
2731360,K,Heunggongvirae,756.0,0.08,422.0,0.87,1178.0
2731341,R2,Duplodnaviria,756.0,0.08,422.0,0.87,1178.0
2731618,P,Uroviricota,751.0,0.08,415.0,0.86,1166.0
2731619,C,Caudoviricetes,751.0,0.08,415.0,0.86,1166.0
2788786,P1,unclassified Uroviricota,751.0,0.08,415.0,0.86,1166.0
2946167,F,Peduoviridae,130.0,0.01,57.0,0.12,187.0
2788787,C1,unclassified Caudoviricetes,97.0,0.01,51.0,0.11,148.0
2842527,C1,Hendrixvirinae,37.0,0.0,12.0,0.02,49.0
186789,G,Punavirus,10.0,0.0,26.0,0.05,36.0
2732978,G,Eganvirus,28.0,0.0,6.0,0.01,34.0
2559587,R2,Riboviria,15.0,0.0,18.0,0.04,33.0
2946170,F,Straboviridae,18.0,0.0,15.0,0.03,33.0
1407493,S,Shigella phage SfIV,16.0,0.0,13.0,0.03,29.0
2732396,K,Orthornavirae,13.0,0.0,16.0,0.03,29.0
2948951,G,Wadgaonvirus,17.0,0.0,9.0,0.02,26.0
2956672,S,Wadgaonvirus wv5004651,17.0,0.0,9.0,0.02,26.0
2716351,S1,Escherichia phage 500465-1,17.0,0.0,9.0,0.02,26.0
2842243,C,Leviviricetes,12.0,0.0,12.0,0.02,24.0
2732407,P,Lenarviricota,12.0,0.0,12.0,0.02,24.0
10680,S,Enterobacteria phage P4,16.0,0.0,7.0,0.01,23.0
2732004,R2,Varidnaviria,9.0,0.0,13.0,0.03,22.0
2842332,F,Steitzviridae,11.0,0.0,11.0,0.02,22.0
2842249,O,Timlovirales,11.0,0.0,11.0,0.02,22.0
2732005,K,Bamfordvirae,9.0,0.0,13.0,0.03,22.0
2842329,F,Schitoviridae,12.0,0.0,9.0,0.02,21.0
2946173,F,Vilmaviridae,14.0,0.0,7.0,0.01,21.0
2845097,S,Vimunumvirus ST147VIM1phi71,13.0,0.0,7.0,0.01,20.0
186794,G,Lederbergvirus,11.0,0.0,9.0,0.02,20.0
2510480,S1,Klebsiella phage ST147-VIM1phi7.1,13.0,0.0,7.0,0.01,20.0
140410,G,Peduovirus,16.0,0.0,4.0,0.01,20.0
2843116,G,Vimunumvirus,13.0,0.0,7.0,0.01,20.0
2732007,P,Nucleocytoviricota,8.0,0.0,11.0,0.02,19.0
2732523,C,Megaviricetes,7.0,0.0,11.0,0.02,18.0
2732612,C2,Dolichocephalovirinae,14.0,0.0,4.0,0.01,18.0
12429,R2,unclassified viruses,9.0,0.0,9.0,0.02,18.0
906669,S,Escherichia phage HK639,10.0,0.0,8.0,0.02,18.0
2560207,G,Polybotosvirus,10.0,0.0,7.0,0.01,17.0
2560452,S,Punavirus RCS47,7.0,0.0,10.0,0.02,17.0
2560286,S,Polybotosvirus Atuph07,10.0,0.0,7.0,0.01,17.0
1590550,S1,Escherichia phage RCS47,7.0,0.0,10.0,0.02,17.0
2024264,S1,Agrobacterium phage Atu_ph07,10.0,0.0,7.0,0.01,17.0
2843421,G,Menderavirus,12.0,0.0,4.0,0.01,16.0
2060084,G,Pandoravirus,8.0,0.0,8.0,0.02,16.0
1982875,C1,Arquatrovirinae,11.0,0.0,5.0,0.01,16.0
2204151,R3,unclassified DNA viruses,8.0,0.0,8.0,0.02,16.0
51368,R4,unclassified dsDNA viruses,8.0,0.0,8.0,0.02,16.0
1198136,F1,Tevenvirinae,10.0,0.0,6.0,0.01,16.0
3044751,G,Ludhianavirus,9.0,0.0,6.0,0.01,15.0
3044690,G,Cobrasixvirus,9.0,0.0,6.0,0.01,15.0
3059893,S,Cobrasixvirus cobrasix,9.0,0.0,6.0,0.01,15.0
2946160,F,Kyanoviridae,10.0,0.0,5.0,0.01,15.0
2894794,S1,Enterobacter phage vB_EclS_CobraSix,9.0,0.0,6.0,0.01,15.0
2946628,C1,Ceeclamvirinae,12.0,0.0,2.0,0.0,14.0
2852987,C2,unclassified Hendrixvirinae,8.0,0.0,5.0,0.01,13.0
3044479,F,Stanwilliamsviridae,10.0,0.0,3.0,0.01,13.0
2948833,G,Myrnavirus,11.0,0.0,2.0,0.0,13.0
1196844,G,Hpunavirus,9.0,0.0,3.0,0.01,12.0
2843442,G,Radostvirus,6.0,0.0,6.0,0.01,12.0
2844247,S,Radostvirus ev099,6.0,0.0,6.0,0.01,12.0
2847061,S1,Escherichia phage ev099,6.0,0.0,6.0,0.01,12.0
329158,G1,unclassified Lederbergvirus,4.0,0.0,8.0,0.02,12.0
2844652,S,Gihfavirus pelohabitans,4.0,0.0,7.0,0.01,11.0
1911928,C1,Vequintavirinae,8.0,0.0,3.0,0.01,11.0
2786405,S1,ssRNA phage SRR5466369_2,4.0,0.0,7.0,0.01,11.0
2842702,G,Gihfavirus,4.0,0.0,7.0,0.01,11.0
3432031,S,Pumpernickelvirus pumpernickel,5.0,0.0,5.0,0.01,10.0
2946636,F1,Lclasvirinae,6.0,0.0,4.0,0.01,10.0
2948724,G,Gemsvirus,6.0,0.0,4.0,0.01,10.0
2734069,S,Phitrevirus phi3,6.0,0.0,4.0,0.01,10.0
2786389,S1,ssRNA phage SRR5466337_3,7.0,0.0,3.0,0.01,10.0
2732986,G,Phitrevirus,6.0,0.0,4.0,0.01,10.0
1226260,S1,Stx2-converting phage Stx2a_WGPS2,7.0,0.0,3.0,0.01,10.0
2733152,G,Bertelyvirus,8.0,0.0,2.0,0.0,10.0
2842802,G,Kinglevirus,7.0,0.0,3.0,0.01,10.0
2955946,S,Gemsvirus gv5004652,6.0,0.0,4.0,0.01,10.0
1982880,G,Likavirus,7.0,0.0,3.0,0.01,10.0
2885983,S1,Microbacterium phage Pumpernickel,5.0,0.0,5.0,0.01,10.0
2845070,S,Kinglevirus lutadaptatum,7.0,0.0,3.0,0.01,10.0
2843451,G,Sawaravirus,7.0,0.0,3.0,0.01,10.0
2844234,S,Sawaravirus WGPS2,7.0,0.0,3.0,0.01,10.0
3152625,G,Pumpernickelvirus,5.0,0.0,5.0,0.01,10.0
2716352,S1,Escherichia phage 500465-2,6.0,0.0,4.0,0.01,10.0
2731690,F,Demerecviridae,5.0,0.0,5.0,0.01,10.0
2731342,R2,Monodnaviria,6.0,0.0,4.0,0.01,10.0
1754217,S1,Pseudomonas phage phi3,6.0,0.0,4.0,0.01,10.0
2732423,C,Arfiviricetes,6.0,0.0,3.0,0.01,9.0
2732416,P,Cressdnaviricota,6.0,0.0,3.0,0.01,9.0
2843343,G,Aguilavirus,6.0,0.0,3.0,0.01,9.0
2014434,S,Escherichia phage D6,7.0,0.0,2.0,0.0,9.0
1647458,S,Salmonella phage SEN22,2.0,0.0,7.0,0.01,9.0
2732554,O,Imitervirales,4.0,0.0,5.0,0.01,9.0
2592223,S1,Salmonella phage SW9,7.0,0.0,2.0,0.0,9.0
2732092,K,Shotokuvirae,6.0,0.0,3.0,0.01,9.0
548681,O,Herpesvirales,5.0,0.0,4.0,0.01,9.0
2846110,S,Eganvirus SW9,7.0,0.0,2.0,0.0,9.0
2731361,P,Peploviricota,5.0,0.0,4.0,0.01,9.0
2731363,C,Herviviricetes,5.0,0.0,4.0,0.01,9.0
3044472,F,Orthoherpesviridae,5.0,0.0,4.0,0.01,9.0
2801477,S1,Flavobacterium phage vB_FspM_immuto_2-6A,4.0,0.0,4.0,0.01,8.0
1623286,G,Casadabanvirus,8.0,0.0,0.0,0.0,8.0
2650877,S1,Stenotrophomonas phage Mendera,6.0,0.0,2.0,0.0,8.0
2560178,G,Minunavirus,7.0,0.0,1.0,0.0,8.0
2283028,S1,Pseudomonas phage YMC12/01/R24,8.0,0.0,0.0,0.0,8.0
3059848,S,Casadabanvirus R24,8.0,0.0,0.0,0.0,8.0
2560595,S,Minunavirus Min1,7.0,0.0,1.0,0.0,8.0
2846389,S,Menderavirus mendera,6.0,0.0,2.0,0.0,8.0
1838138,S1,Propionibacterium phage PFR2,7.0,0.0,1.0,0.0,8.0
2041344,S1,Mycobacterium phage Kumao,5.0,0.0,3.0,0.01,8.0
2956095,S,Kumaovirus kumao,5.0,0.0,3.0,0.01,8.0
2948790,G,Kumaovirus,5.0,0.0,3.0,0.01,8.0
2169655,G,Pulverervirus,7.0,0.0,1.0,0.0,8.0
2948764,G,Immutovirus,4.0,0.0,4.0,0.01,8.0
2170091,S,Pulverervirus PFR1,7.0,0.0,1.0,0.0,8.0
2955989,S,Immutovirus immuto,4.0,0.0,4.0,0.01,8.0
1147158,S,Enterobacteria phage mEp390,5.0,0.0,3.0,0.01,8.0
446529,S1,Microbacterium phage Min1,7.0,0.0,1.0,0.0,8.0
2956212,S,Myrnavirus myrna,5.0,0.0,2.0,0.0,7.0
1982557,G,Smoothievirus,5.0,0.0,2.0,0.0,7.0
2731643,F,Autographiviridae,4.0,0.0,3.0,0.01,7.0
546805,S1,Mycobacterium phage Myrna,5.0,0.0,2.0,0.0,7.0
2842519,F1,Twarogvirinae,3.0,0.0,4.0,0.01,7.0
549779,F,Mimiviridae,3.0,0.0,4.0,0.01,7.0
2560457,S,Peduovirus fiAA91ss,6.0,0.0,1.0,0.0,7.0
3044697,G,Cyamitesvirus,4.0,0.0,3.0,0.01,7.0
3044643,F1,Demetervirinae,4.0,0.0,3.0,0.01,7.0
2842814,G,Kwaitsingvirus,5.0,0.0,2.0,0.0,7.0
2734059,S,Eganvirus EtG,6.0,0.0,1.0,0.0,7.0
2169623,G,Erskinevirus,5.0,0.0,2.0,0.0,7.0
2946625,F1,Boydwoodruffvirinae,5.0,0.0,2.0,0.0,7.0
2014586,S1,Erwinia phage EtG,6.0,0.0,1.0,0.0,7.0
1357825,S1,Enterobacteria phage fiAA91-ss,6.0,0.0,1.0,0.0,7.0
3060806,S,Wroclawvirus PA5oct,3.0,0.0,3.0,0.01,6.0
1960658,S1,Klebsiella phage 4LV2017,4.0,0.0,2.0,0.0,6.0
2560209,G,Poushouvirus,4.0,0.0,2.0,0.0,6.0
2948695,G,Elveevirus,4.0,0.0,2.0,0.0,6.0
2560065,F,Herelleviridae,3.0,0.0,3.0,0.01,6.0
3044857,G,Wroclawvirus,3.0,0.0,3.0,0.01,6.0
2560109,G,Busanvirus,5.0,0.0,1.0,0.0,6.0
2560261,S,Busanvirus ACP17,5.0,0.0,1.0,0.0,6.0
2010329,S1,Acidovorax phage ACP17,5.0,0.0,1.0,0.0,6.0
3044648,F1,Megamimivirinae,3.0,0.0,3.0,0.01,6.0
3044459,F,Arenbergviridae,3.0,0.0,3.0,0.01,6.0
3428314,S,Dolmabahcevirus turkishdelight,4.0,0.0,2.0,0.0,6.0
3403061,R2,Viruses incertae sedis,1.0,0.0,5.0,0.01,6.0
2793708,S1,Streptomyces phage TurkishDelight,4.0,0.0,2.0,0.0,6.0
2956211,S1,Myranavirus phabba,6.0,0.0,0.0,0.0,6.0
2560396,S,Poushouvirus Poushou,4.0,0.0,2.0,0.0,6.0
2015851,S1,Corynebacterium phage Poushou,4.0,0.0,2.0,0.0,6.0
2027899,S2,Mycobacterium phage Phabba,6.0,0.0,0.0,0.0,6.0
2946175,F,Zierdtviridae,5.0,0.0,1.0,0.0,6.0
2734062,S,Elveevirus 4LV2017,4.0,0.0,2.0,0.0,6.0
3430982,S,Myrnavirus phabba,6.0,0.0,0.0,0.0,6.0
3152508,G,Dolmabahcevirus,4.0,0.0,2.0,0.0,6.0
2163605,S1,Pseudomonas phage vB_PaeM_PA5oct,3.0,0.0,3.0,0.01,6.0
2734153,S,Wellingtonvirus wellington,3.0,0.0,2.0,0.0,5.0
2169967,S1,Escherichia virus DE3,5.0,0.0,0.0,0.0,5.0
2734193,S,Bertelyvirus SC,4.0,0.0,1.0,0.0,5.0
2843161,G,Zicotriavirus,3.0,0.0,2.0,0.0,5.0
1220717,S,Rhizobium phage RHEph10,4.0,0.0,1.0,0.0,5.0
186765,G,Lambdavirus,5.0,0.0,0.0,0.0,5.0
2560111,G,Ceetrepovirus,4.0,0.0,1.0,0.0,5.0
2283272,S1,Caulobacter phage CcrSC,4.0,0.0,1.0,0.0,5.0
1980923,S,Mieseafarmvirus RSL1,3.0,0.0,2.0,0.0,5.0
1980921,G,Mieseafarmvirus,3.0,0.0,2.0,0.0,5.0
2842972,G,Pokkenvirus,2.0,0.0,3.0,0.01,5.0
2732555,O,Pimascovirales,1.0,0.0,4.0,0.01,5.0
2843126,G,Wanchaivirus,4.0,0.0,1.0,0.0,5.0
2599890,S1,Streptomyces phage Gilgamesh,5.0,0.0,0.0,0.0,5.0
3044647,F1,Loccivirinae,4.0,0.0,1.0,0.0,5.0
1980924,S1,Ralstonia phage phiRSL1,3.0,0.0,2.0,0.0,5.0
2842820,G,Lazarusvirus,1.0,0.0,4.0,0.01,5.0
10663,G,Tequatrovirus,2.0,0.0,3.0,0.01,5.0
1982151,S,Gilesvirus giles,3.0,0.0,2.0,0.0,5.0
1982150,G,Gilesvirus,3.0,0.0,2.0,0.0,5.0
432201,S1,Escherichia phage HK544,3.0,0.0,2.0,0.0,5.0
480808,S1,Mycobacterium phage Giles,3.0,0.0,2.0,0.0,5.0
482822,S2,Escherichia phage DE3,5.0,0.0,0.0,0.0,5.0
2733140,G,Wellingtonvirus,3.0,0.0,2.0,0.0,5.0
3429029,S,Gilgameshvirus gilgamesh,5.0,0.0,0.0,0.0,5.0
3427838,S,Ceetrepovirus darwin,4.0,0.0,1.0,0.0,5.0
3152619,G,Gilgameshvirus,5.0,0.0,0.0,0.0,5.0
3430323,S,Lambdavirus DE3,5.0,0.0,0.0,0.0,5.0
984175,S,Cronobacter phage ENT39118,3.0,0.0,2.0,0.0,5.0
2169923,S,Kwaitsingvirus HK544,3.0,0.0,2.0,0.0,5.0
2169529,F,Ackermannviridae,3.0,0.0,2.0,0.0,5.0
2946647,F1,Toshachvirinae,4.0,0.0,1.0,0.0,5.0
2734192,S,Bertelyvirus BL9,4.0,0.0,1.0,0.0,5.0
2560394,S1,Corynebacterium virus Darwin,4.0,0.0,1.0,0.0,5.0
2283270,S1,Caulobacter phage CcrBL9,4.0,0.0,1.0,0.0,5.0
2047869,S2,Corynebacterium phage Darwin,4.0,0.0,1.0,0.0,5.0
1958965,S1,Ralstonia phage RS-PI-1,2.0,0.0,2.0,0.0,4.0
1981156,C1,Sepvirinae,2.0,0.0,2.0,0.0,4.0
1623288,G,Liefievirus,2.0,0.0,2.0,0.0,4.0
3044696,G,Cuauhnahuacvirus,2.0,0.0,2.0,0.0,4.0
3044455,F,Aliceevansviridae,3.0,0.0,1.0,0.0,4.0
10501,F,Phycodnaviridae,2.0,0.0,2.0,0.0,4.0
1029988,S1,Erwinia phage phiEaH2,2.0,0.0,2.0,0.0,4.0
10357,F1,Betaherpesvirinae,1.0,0.0,3.0,0.01,4.0
2733200,G,Oneupvirus,3.0,0.0,1.0,0.0,4.0
2733094,G,Baikalvirus,2.0,0.0,2.0,0.0,4.0
2733590,S,Ampunavirus RSPI1,2.0,0.0,2.0,0.0,4.0
2840056,C,Naldaviricetes,0.0,0.0,4.0,0.01,4.0
3060173,S,Ludhianavirus LAh10,2.0,0.0,2.0,0.0,4.0
3059911,S,Cuauhnahuacvirus Y65,2.0,0.0,2.0,0.0,4.0
2732524,O,Algavirales,2.0,0.0,2.0,0.0,4.0
2732613,C1,Langleyhallvirinae,2.0,0.0,2.0,0.0,4.0
1981159,G,Oslovirus,2.0,0.0,2.0,0.0,4.0
1981168,S,Oslovirus PA2,2.0,0.0,2.0,0.0,4.0
2731651,F1,Okabevirinae,2.0,0.0,2.0,0.0,4.0
1623303,G,Brussowvirus,3.0,0.0,1.0,0.0,4.0
2560671,S,Noxifervirus noxifer,2.0,0.0,2.0,0.0,4.0
2560216,G,Risingsunvirus,3.0,0.0,1.0,0.0,4.0
2560435,S,Risingsunvirus risingsun,3.0,0.0,1.0,0.0,4.0
2560190,G,Noxifervirus,2.0,0.0,2.0,0.0,4.0
2591025,S1,Aeromonas phage LAh10,2.0,0.0,2.0,0.0,4.0
1982148,S,Gaiavirus gaia,2.0,0.0,2.0,0.0,4.0
1982113,G,Gaiavirus,2.0,0.0,2.0,0.0,4.0
2843366,G,Cimandefvirus,3.0,0.0,1.0,0.0,4.0
2006684,S1,Pseudomonas phage Noxifer,2.0,0.0,2.0,0.0,4.0
2026080,S1,Erwinia phage vB_EamM_RisingSun,3.0,0.0,1.0,0.0,4.0
2509785,S1,Rhizobium phage RHph_Y65,2.0,0.0,2.0,0.0,4.0
2510464,S1,Klebsiella phage ST13-OXA48phi12.1,3.0,0.0,1.0,0.0,4.0
2955736,S,Dagavirus ST13OXA48phi121,3.0,0.0,1.0,0.0,4.0
3044473,F,Pootjesviridae,2.0,0.0,2.0,0.0,4.0
175950,S,Salmonella phage ST64B,2.0,0.0,2.0,0.0,4.0
3044468,F,Kleczkowskaviridae,2.0,0.0,2.0,0.0,4.0
2946631,C1,Gclasvirinae,2.0,0.0,2.0,0.0,4.0
3059794,S,Brussowvirus 20617,3.0,0.0,1.0,0.0,4.0
2907836,S1,Salmonella phage PSP3,3.0,0.0,1.0,0.0,4.0
2946162,F,Mesyanzhinovviridae,3.0,0.0,1.0,0.0,4.0
2560094,G,Asteriusvirus,2.0,0.0,2.0,0.0,4.0
2946648,C1,Weiservirinae,3.0,0.0,1.0,0.0,4.0
2948672,G,Dagavirus,3.0,0.0,1.0,0.0,4.0
2169883,S,Erskinevirus EaH2,2.0,0.0,2.0,0.0,4.0
2946797,G,Anayavirus,3.0,0.0,1.0,0.0,4.0
1486472,S1,Mycobacterium phage Gaia,2.0,0.0,2.0,0.0,4.0
2734089,S,Baikalvirus PaBG,2.0,0.0,2.0,0.0,4.0
1335230,S1,Pseudomonas phage PaBG,2.0,0.0,2.0,0.0,4.0
2732929,G,Ampunavirus,2.0,0.0,2.0,0.0,4.0
12407,S,Eganvirus PsP3,3.0,0.0,1.0,0.0,4.0
936054,S1,Enterobacteria phage VT2phi_272,2.0,0.0,2.0,0.0,4.0
1392231,S1,Streptococcus phage 20617,3.0,0.0,1.0,0.0,4.0
2734292,S,Zetavirus zeta1847,2.0,0.0,1.0,0.0,3.0
10293,F1,Alphaherpesvirinae,2.0,0.0,1.0,0.0,3.0
1349410,S,Pandoravirus salinus,1.0,0.0,2.0,0.0,3.0
3430767,S,Medeavirus medea1,2.0,0.0,1.0,0.0,3.0
43682,F,Ascoviridae,0.0,0.0,3.0,0.01,3.0
2733939,S,Paadamvirus RHEph01,2.0,0.0,1.0,0.0,3.0
3412574,R2,Singelaviria,2.0,0.0,1.0,0.0,3.0
411359,S1,Acanthocystis turfacea chlorella virus 1,2.0,0.0,1.0,0.0,3.0
1147151,S,Enterobacteria phage mEp237,1.0,0.0,2.0,0.0,3.0
322019,S,Chlorovirus heliozoae,2.0,0.0,1.0,0.0,3.0
43680,G,Ascovirus,0.0,0.0,3.0,0.01,3.0
2759727,S1,Ralstonia phage Gerry,2.0,0.0,1.0,0.0,3.0
3060550,S,Phabiovirus phabio,2.0,0.0,1.0,0.0,3.0
2731961,G,Paadamvirus,2.0,0.0,1.0,0.0,3.0
2732006,K,Helvetiavirae,2.0,0.0,1.0,0.0,3.0
2732008,P,Preplasmiviricota,1.0,0.0,2.0,0.0,3.0
2732009,P,Dividoviricota,2.0,0.0,1.0,0.0,3.0
2315544,S1,Mycobacterium phage Paito,2.0,0.0,1.0,0.0,3.0
2842619,G,Cuauhtlivirus,2.0,0.0,1.0,0.0,3.0
680115,G,Phikzvirus,2.0,0.0,1.0,0.0,3.0
2201444,S1,Microbacterium phage Zeta1847,2.0,0.0,1.0,0.0,3.0
2926475,S1,Synechococcus phage S-SZBM1,2.0,0.0,1.0,0.0,3.0
10508,F,Adenoviridae,1.0,0.0,2.0,0.0,3.0
103807,S,Enterobacteria phage phiP27,2.0,0.0,1.0,0.0,3.0
2732529,C,Tectiliviricetes,1.0,0.0,2.0,0.0,3.0
3060701,S,Shenzhenivirus sszbm1,2.0,0.0,1.0,0.0,3.0
3060390,S,Mollymurvirus mollymur,2.0,0.0,1.0,0.0,3.0
3060406,S,Natevirus nate,2.0,0.0,1.0,0.0,3.0
2723773,S1,Agrobacterium phage OLIVR5,2.0,0.0,1.0,0.0,3.0
2732559,O,Rowavirales,1.0,0.0,2.0,0.0,3.0
1720324,G,Hollowayvirus,2.0,0.0,1.0,0.0,3.0
2843141,G,Wongtaivirus,2.0,0.0,1.0,0.0,3.0
1982877,F1,Mclasvirinae,3.0,0.0,0.0,0.0,3.0
3059912,S,Cyamitesvirus I16,2.0,0.0,1.0,0.0,3.0
2843371,G,Cukevirus,2.0,0.0,1.0,0.0,3.0
3044646,C1,Joanripponvirinae,2.0,0.0,1.0,0.0,3.0
2842888,G,Mydovirus,2.0,0.0,1.0,0.0,3.0
1982095,G,Abidjanvirus,2.0,0.0,1.0,0.0,3.0
2732013,F1,Markadamsvirinae,1.0,0.0,2.0,0.0,3.0
1913572,S1,Klebsiella phage KPV15,2.0,0.0,1.0,0.0,3.0
2560732,S,Punavirus SJ46,1.0,0.0,2.0,0.0,3.0
2732010,C,Laserviricetes,2.0,0.0,1.0,0.0,3.0
2732011,O,Halopanivirales,2.0,0.0,1.0,0.0,3.0
2846046,S,Cimandefvirus Ggerry,2.0,0.0,1.0,0.0,3.0
2560726,S1,Stockinghallvirus FSLSP004,2.0,0.0,1.0,0.0,3.0
181083,G,Chlorovirus,2.0,0.0,1.0,0.0,3.0
1815968,S1,Salmonella phage SJ46,1.0,0.0,2.0,0.0,3.0
2560086,G,Alcyoneusvirus,2.0,0.0,1.0,0.0,3.0
3044790,G,Phabiovirus,2.0,0.0,1.0,0.0,3.0
3044730,G,Heverleevirus,2.0,0.0,1.0,0.0,3.0
2079417,S1,Mycobacterium phage Cuke,2.0,0.0,1.0,0.0,3.0
2894788,S1,Bacillus phage vB_BanS_Nate,2.0,0.0,1.0,0.0,3.0
2560070,F1,Bastillevirinae,2.0,0.0,1.0,0.0,3.0
2948705,G,Faithunavirus,2.0,0.0,1.0,0.0,3.0
2946815,G,Backyardiganvirus,2.0,0.0,1.0,0.0,3.0
2946626,F1,Bradleyvirinae,2.0,0.0,1.0,0.0,3.0
2107708,S,Pandoravirus neocaledonia,1.0,0.0,2.0,0.0,3.0
2107709,S,Pandoravirus quercus,2.0,0.0,1.0,0.0,3.0
2844135,S,Pankowvirus YYZ2008,2.0,0.0,1.0,0.0,3.0
2590895,S1,Gordonia phage Mollymur,2.0,0.0,1.0,0.0,3.0
2560220,G,Samistivirus,2.0,0.0,1.0,0.0,3.0
2843420,G,Marienburgvirus,1.0,0.0,2.0,0.0,3.0
2843432,G,Pankowvirus,2.0,0.0,1.0,0.0,3.0
2844189,S,Wongtaivirus ECP1,2.0,0.0,1.0,0.0,3.0
2844207,S,Marienburgvirus JLK2012,1.0,0.0,2.0,0.0,3.0
2843450,G,Sarumanvirus,2.0,0.0,1.0,0.0,3.0
2956012,S,Jiaodavirus kppv15,2.0,0.0,1.0,0.0,3.0
2053653,S1,Synechococcus phage S-CBWM1,1.0,0.0,2.0,0.0,3.0
1985325,G,Jiaodavirus,2.0,0.0,1.0,0.0,3.0
2509728,S1,Rhizobium phage RHph_I1_6,2.0,0.0,1.0,0.0,3.0
2845649,S,Cukevirus cuke,2.0,0.0,1.0,0.0,3.0
2006668,S1,Pseudomonas phage Phabio,2.0,0.0,1.0,0.0,3.0
2015807,S1,Escherichia phage ECP1,2.0,0.0,1.0,0.0,3.0
1883370,S1,Erwinia phage vB_EamM_Asesino,3.0,0.0,0.0,0.0,3.0
3044824,G,Shenzhenivirus,2.0,0.0,1.0,0.0,3.0
3044768,G,Mollymurvirus,2.0,0.0,1.0,0.0,3.0
3044772,G,Natevirus,2.0,0.0,1.0,0.0,3.0
3052245,S,Heverleevirus OLIVR5,2.0,0.0,1.0,0.0,3.0
3431429,S,Peduovirus FSLSP004,2.0,0.0,1.0,0.0,3.0
2169927,S,Cuauhtlivirus mEpX1,2.0,0.0,1.0,0.0,3.0
2169882,S,Erskinevirus asesino,3.0,0.0,0.0,0.0,3.0
1220601,S1,Rhizobium phage RHEph01,2.0,0.0,1.0,0.0,3.0
3152510,G,Medeavirus,2.0,0.0,1.0,0.0,3.0
2733091,G,Aokuangvirus,1.0,0.0,2.0,0.0,3.0
2734084,S,Aokuangvirus SCBWM1,1.0,0.0,2.0,0.0,3.0
2733222,G,Zetavirus,2.0,0.0,1.0,0.0,3.0
3421322,O1,Pimascovirales incertae sedis,0.0,0.0,3.0,0.01,3.0
328613,G1,unclassified Ascovirus,0.0,0.0,3.0,0.01,3.0
328615,S,Trichoplusia ni ascovirus 2c,0.0,0.0,3.0,0.01,3.0
2733154,G,Poindextervirus,2.0,0.0,1.0,0.0,3.0
2733156,G,Getalongvirus,1.0,0.0,2.0,0.0,3.0
1983744,G,Bongovirus,3.0,0.0,0.0,0.0,3.0
55884,S,Enterobacteria phage SfV,2.0,0.0,1.0,0.0,3.0
564886,S1,Enterobacteria phage YYZ-2008,2.0,0.0,1.0,0.0,3.0
2840070,O,Lefavirales,0.0,0.0,3.0,0.01,3.0
2733174,G,Feofaniavirus,2.0,0.0,1.0,0.0,3.0
2956114,S,Liefievirus paito,2.0,0.0,1.0,0.0,3.0
1147140,S,Salmonella phage SPN3UB,3.0,0.0,0.0,0.0,3.0
2834256,S1,Pseudomonas phage Medea1,2.0,0.0,1.0,0.0,3.0
1173769,S2,Salmonella phage FSLSP004,2.0,0.0,1.0,0.0,3.0
1147153,S1,Escherichia phage mEpX1,2.0,0.0,1.0,0.0,3.0
1147722,S1,Escherichia phage JLK-2012,1.0,0.0,2.0,0.0,3.0
3428776,S,Finkelvirus finkel,2.0,0.0,0.0,0.0,2.0
3430047,S,Jerseyvirus JD01,1.0,0.0,1.0,0.0,2.0
1175657,S2,Pseudomonas phage PaMx11,1.0,0.0,1.0,0.0,2.0
1198139,G,Bcepmuvirus,1.0,0.0,1.0,0.0,2.0
1147152,S,Enterobacteria phage mEp460,0.0,0.0,2.0,0.0,2.0
1168280,S,Cronobacter phage phiES15,1.0,0.0,1.0,0.0,2.0
1168548,S,Salmonella phage vB_SemP_Emek,1.0,0.0,1.0,0.0,2.0
1147150,S1,Enterobacteria phage mEp235,1.0,0.0,1.0,0.0,2.0
1982567,S,Tankvirus tank,1.0,0.0,1.0,0.0,2.0
1982876,C1,Bclasvirinae,1.0,0.0,1.0,0.0,2.0
2831178,S1,Salmonella phage JD01,1.0,0.0,1.0,0.0,2.0
2733194,G,Mementomorivirus,1.0,0.0,1.0,0.0,2.0
2733196,G,Montyvirus,1.0,0.0,1.0,0.0,2.0
10294,G,Simplexvirus,1.0,0.0,1.0,0.0,2.0
10325,S1,Macacine alphaherpesvirus 1,1.0,0.0,1.0,0.0,2.0
2956185,S,Manovirus Mano,1.0,0.0,1.0,0.0,2.0
1982879,G,Camvirus,1.0,0.0,1.0,0.0,2.0
1983750,S,Bongovirus bongo,2.0,0.0,0.0,0.0,2.0
1982566,G,Tankvirus,1.0,0.0,1.0,0.0,2.0
707757,S1,Klebsiella phage KP15,1.0,0.0,1.0,0.0,2.0
754056,S,Rhodovulum phage RS1,1.0,0.0,1.0,0.0,2.0
3424971,G,Centumtrigintavirus,1.0,0.0,1.0,0.0,2.0
2733208,G,Samwavirus,1.0,0.0,1.0,0.0,2.0
2733155,G,Shapirovirus,1.0,0.0,1.0,0.0,2.0
2733170,G,Bridgettevirus,2.0,0.0,0.0,0.0,2.0
2733172,G,Daredevilvirus,2.0,0.0,0.0,0.0,2.0
2733085,G,Xuanwuvirus,1.0,0.0,1.0,0.0,2.0
2734058,S,Citexvirus dobby,2.0,0.0,0.0,0.0,2.0
1985328,G,Slopekvirus,1.0,0.0,1.0,0.0,2.0
1985337,S,Slopekvirus kp15,1.0,0.0,1.0,0.0,2.0
2169624,G,Machinavirus,1.0,0.0,1.0,0.0,2.0
2732977,G,Citexvirus,2.0,0.0,0.0,0.0,2.0
2734199,S,Getalongvirus bentherdunthat,1.0,0.0,1.0,0.0,2.0
2734229,S,Daredevilvirus daredevil,2.0,0.0,0.0,0.0,2.0
2734263,S,Oneupvirus brutongaster,2.0,0.0,0.0,0.0,2.0
2734125,S,Nerrivikvirus srim2,1.0,0.0,1.0,0.0,2.0
2734126,S,Nodensvirus spm2,1.0,0.0,1.0,0.0,2.0
2752797,G1,unclassified Saclayvirus,1.0,0.0,1.0,0.0,2.0
869662,S1,Synechococcus phage S-RIM2 R1_1999,1.0,0.0,1.0,0.0,2.0
1349409,S,Pandoravirus dulcis,1.0,0.0,1.0,0.0,2.0
1772319,S1,Arthrobacter phage Tank,1.0,0.0,1.0,0.0,2.0
3059758,S,Basiliskvirus bak10,1.0,0.0,1.0,0.0,2.0
3059793,S,Branisovskavirus Kc263,1.0,0.0,1.0,0.0,2.0
3050305,S,Simplexvirus macacinealpha1,1.0,0.0,1.0,0.0,2.0
1883379,S,Erwinia phage vB_EamM_Caitlin,1.0,0.0,1.0,0.0,2.0
1897437,S1,Rhodococcus phage Weasels2,2.0,0.0,0.0,0.0,2.0
1907784,S1,Klebsiella phage vB_KpnM_BIS47,1.0,0.0,1.0,0.0,2.0
2863194,S1,Kosakonia phage Kc263,1.0,0.0,1.0,0.0,2.0
2859656,S1,Stenotrophomonas phage Piffle,1.0,0.0,1.0,0.0,2.0
2846115,S,Kuttervirus SenALZ1,1.0,0.0,1.0,0.0,2.0
2846185,S,Parlovirus parlo,1.0,0.0,1.0,0.0,2.0
2847058,S1,Escherichia phage 2H10,2.0,0.0,0.0,0.0,2.0
2845816,S1,Gordonia phage VanLee,0.0,0.0,2.0,0.0,2.0
2845968,S,Zicotriavirus ZC08,1.0,0.0,1.0,0.0,2.0
2023057,S1,Orpheovirus IHUMI-LCC2,1.0,0.0,1.0,0.0,2.0
2047830,S1,Gordonia phage BENtherdunthat,1.0,0.0,1.0,0.0,2.0
2557554,S1,Serratia phage Parlo,1.0,0.0,1.0,0.0,2.0
2861008,S1,Salmonella phage BIS20,2.0,0.0,0.0,0.0,2.0
2956054,S,Kehishuvirus splanchnicus,1.0,0.0,1.0,0.0,2.0
2955572,S,Camvirus alsaber,1.0,0.0,1.0,0.0,2.0
2955351,S,Anayavirus validus,1.0,0.0,1.0,0.0,2.0
2955405,S,Backyardiganvirus noelle,1.0,0.0,1.0,0.0,2.0
2948816,G,Manovirus,1.0,0.0,1.0,0.0,2.0
2053672,S1,Streptomyces phage Alsaber,1.0,0.0,1.0,0.0,2.0
2060617,S1,Tetraselmis virus 1,1.0,0.0,1.0,0.0,2.0
2530116,S1,Gordonia phage BrutonGaster,2.0,0.0,0.0,0.0,2.0
3044649,C1,Sejongvirinae,1.0,0.0,1.0,0.0,2.0
3044670,G,Basiliskvirus,1.0,0.0,1.0,0.0,2.0
3044456,F,Allomimiviridae,1.0,0.0,1.0,0.0,2.0
3044640,C1,Azeevirinae,1.0,0.0,1.0,0.0,2.0
3044642,C1,Deeyouvirinae,2.0,0.0,0.0,0.0,2.0
2956501,S,Tequatrovirus mlf4,1.0,0.0,1.0,0.0,2.0
2565502,S1,Shigella phage DS8,1.0,0.0,1.0,0.0,2.0
2572317,S1,Mycobacterium phage Noelle,1.0,0.0,1.0,0.0,2.0
2585030,R3,unclassified Riboviria,0.0,0.0,2.0,0.0,2.0
2843401,G,Klausavirus,2.0,0.0,0.0,0.0,2.0
2843419,G,Marfavirus,1.0,0.0,1.0,0.0,2.0
2843433,G,Parlovirus,1.0,0.0,1.0,0.0,2.0
2844179,S,Xuanwuvirus xv520873,1.0,0.0,1.0,0.0,2.0
2843897,S,Sarumanvirus bcepsauron,1.0,0.0,1.0,0.0,2.0
2681630,S1,Escherichia phage 186,1.0,0.0,1.0,0.0,2.0
2560253,G,Weaselvirus,2.0,0.0,0.0,0.0,2.0
2845076,S,Mydovirus BIS47,1.0,0.0,1.0,0.0,2.0
2845079,S,Marfavirus F48,1.0,0.0,1.0,0.0,2.0
2948639,G,Bragavirus,1.0,0.0,1.0,0.0,2.0
2126985,S1,Tupanvirus soda lake,0.0,0.0,2.0,0.0,2.0
2169531,F1,Cvivirinae,1.0,0.0,1.0,0.0,2.0
2169536,G,Kuttervirus,1.0,0.0,1.0,0.0,2.0
2070028,S1,Klebsiella phage vB_Kpn_F48,1.0,0.0,1.0,0.0,2.0
2094720,G,Tupanvirus,0.0,0.0,2.0,0.0,2.0
2560108,G,Brunovirus,1.0,0.0,1.0,0.0,2.0
2560134,G,Galaxyvirus,1.0,0.0,1.0,0.0,2.0
2510943,S1,Lactobacillus phage 3-521,1.0,0.0,1.0,0.0,2.0
2520516,G1,unclassified Machinavirus,1.0,0.0,1.0,0.0,2.0
2530033,S1,Burkholderia phage BcepSauron,1.0,0.0,1.0,0.0,2.0
3044773,G,Nevillevirus,2.0,0.0,0.0,0.0,2.0
3044778,G,Oceanusvirus,1.0,0.0,1.0,0.0,2.0
3044731,G,Hiroshimavirus,1.0,0.0,1.0,0.0,2.0
3044744,G,Kenyattavirus,2.0,0.0,0.0,0.0,2.0
2919552,S2,Acinetobacter phage 133,1.0,0.0,1.0,0.0,2.0
29252,S,Eganvirus ev186,1.0,0.0,1.0,0.0,2.0
1910976,C1,Guernseyvirinae,1.0,0.0,1.0,0.0,2.0
186764,G,Fromanvirus,1.0,0.0,1.0,0.0,2.0
2845126,S,Watanabevirus wv3521,1.0,0.0,1.0,0.0,2.0
2844216,S,Tequatrovirus ozark,1.0,0.0,1.0,0.0,2.0
2844138,S,Nochtlivirus mEp235,1.0,0.0,1.0,0.0,2.0
2844173,S,Glaedevirus gv2H10,2.0,0.0,0.0,0.0,2.0
2560706,S,Weaselvirus weasel,2.0,0.0,0.0,0.0,2.0
2560731,S,Brunovirus SEN34,1.0,0.0,1.0,0.0,2.0
2560463,S,Asteriusvirus PBECO4,1.0,0.0,1.0,0.0,2.0
2560436,S,Asteriusvirus av121Q,1.0,0.0,1.0,0.0,2.0
2560210,G,Priunavirus,1.0,0.0,1.0,0.0,2.0
2843015,G,Saikungvirus,1.0,0.0,1.0,0.0,2.0
2732012,F1,Ermolyevavirinae,1.0,0.0,1.0,0.0,2.0
2732017,G,Epseptimavirus,1.0,0.0,1.0,0.0,2.0
2732037,G,Pogseptimavirus,1.0,0.0,1.0,0.0,2.0
2731691,F,Drexlerviridae,0.0,0.0,2.0,0.0,2.0
1921704,G,Tegunavirus,2.0,0.0,0.0,0.0,2.0
1921705,S,Tegunavirus r1rt,2.0,0.0,0.0,0.0,2.0
1910991,G,Jerseyvirus,1.0,0.0,1.0,0.0,2.0
1914850,G,Certrevirus,1.0,0.0,1.0,0.0,2.0
2842908,G,Nochtlivirus,1.0,0.0,1.0,0.0,2.0
2955752,S,Deseoctovirus DS8,1.0,0.0,1.0,0.0,2.0
2955983,S,Harrisonburgvirus persinger,1.0,0.0,1.0,0.0,2.0
3044679,G,Branisovskavirus,1.0,0.0,1.0,0.0,2.0
3044714,G,Faustvirus,2.0,0.0,0.0,0.0,2.0
1978007,O,Crassvirales,1.0,0.0,1.0,0.0,2.0
1922348,R4,unclassified RNA viruses ShiM-2016,0.0,0.0,2.0,0.0,2.0
1934252,S,Lederbergvirus BTP1,2.0,0.0,0.0,0.0,2.0
2843387,G,Glaedevirus,2.0,0.0,0.0,0.0,2.0
2843396,G,Jouyvirus,2.0,0.0,0.0,0.0,2.0
2843400,G,Karimacvirus,2.0,0.0,0.0,0.0,2.0
2843129,G,Watanabevirus,1.0,0.0,1.0,0.0,2.0
1982098,S1,Pseudomonas virus PaMx11,1.0,0.0,1.0,0.0,2.0
3059976,S,Eganvirus BIS20,2.0,0.0,0.0,0.0,2.0
2731621,G,Taipeivirus,2.0,0.0,0.0,0.0,2.0
2731689,F,Chaseviridae,1.0,0.0,1.0,0.0,2.0
2716354,S1,Escherichia phage 520873,1.0,0.0,1.0,0.0,2.0
2732514,C,Revtraviricetes,2.0,0.0,0.0,0.0,2.0
1720323,G,Lessievirus,2.0,0.0,0.0,0.0,2.0
1647463,S1,Salmonella phage SEN34,1.0,0.0,1.0,0.0,2.0
1622116,S1,Pseudomonas phage ZC08,1.0,0.0,1.0,0.0,2.0
1623278,G,Bronvirus,1.0,0.0,1.0,0.0,2.0
1555202,S1,Escherichia phage 121Q,1.0,0.0,1.0,0.0,2.0
3060034,S,Hiroshimavirus PPpW3,1.0,0.0,1.0,0.0,2.0
3060064,S,Kenyattavirus kv136,2.0,0.0,0.0,0.0,2.0
3060758,S,Tupanvirus salinum,0.0,0.0,2.0,0.0,2.0
10509,G,Mastadenovirus,1.0,0.0,1.0,0.0,2.0
10442,F,Baculoviridae,0.0,0.0,2.0,0.0,2.0
2732408,P,Pisuviricota,0.0,0.0,2.0,0.0,2.0
2732409,P,Artverviricota,2.0,0.0,0.0,0.0,2.0
2732397,K,Pararnavirae,2.0,0.0,0.0,0.0,2.0
2842743,G,Hukuchivirus,1.0,0.0,1.0,0.0,2.0
2842322,F,Matshushitaviridae,1.0,0.0,1.0,0.0,2.0
2926099,S1,Gordonia phage Finkle,2.0,0.0,0.0,0.0,2.0
2927986,S1,Caulobacter phage CcrRogue,1.0,0.0,1.0,0.0,2.0
2942965,F,Steigviridae,1.0,0.0,1.0,0.0,2.0
2942967,F1,Asinivirinae,1.0,0.0,1.0,0.0,2.0
2942980,G,Kehishuvirus,1.0,0.0,1.0,0.0,2.0
3059994,S,Faustvirus faust,2.0,0.0,0.0,0.0,2.0
2419619,S1,Bacillus phage vB_BcoS-136,2.0,0.0,0.0,0.0,2.0
2448909,S1,Escherichia phage MLF4,1.0,0.0,1.0,0.0,2.0
2483611,S1,Pseudomonas phage Dobby,2.0,0.0,0.0,0.0,2.0
2484249,S1,Vibrio phage VspSw_1,1.0,0.0,1.0,0.0,2.0
2283286,S1,Gordonia phage Daredevil,2.0,0.0,0.0,0.0,2.0
2301647,S1,Salmonella phage SenALZ1,1.0,0.0,1.0,0.0,2.0
238854,S1,Synechococcus phage S-PM2,1.0,0.0,1.0,0.0,2.0
2094736,S1,Bacillus phage v_B-Bak10,1.0,0.0,1.0,0.0,2.0
2107707,S,Pandoravirus macleodensis,1.0,0.0,1.0,0.0,2.0
2948755,G,Harrisonburgvirus,1.0,0.0,1.0,0.0,2.0
2948678,G,Deseoctovirus,1.0,0.0,1.0,0.0,2.0
3060432,S,Oceanusvirus kaneohense,1.0,0.0,1.0,0.0,2.0
3060635,S,Pokkenvirus piffle,1.0,0.0,1.0,0.0,2.0
1718278,S,Brucella phage BiPBO1,2.0,0.0,0.0,0.0,2.0
3152630,G,Vanleevirus,0.0,0.0,2.0,0.0,2.0
3080801,G,Moumouvirus,2.0,0.0,0.0,0.0,2.0
3152140,F,Orpheoviridae,1.0,0.0,1.0,0.0,2.0
3152215,C1,Jameshumphriesvirinae,1.0,0.0,1.0,0.0,2.0
2767570,S1,Achromobacter phage Mano,1.0,0.0,1.0,0.0,2.0
2772072,S1,uncultured phage cr112_1,1.0,0.0,1.0,0.0,2.0
2767565,S1,Streptomyces phage Faust,2.0,0.0,0.0,0.0,2.0
101570,S,Enterobacteria phage ES18,2.0,0.0,0.0,0.0,2.0
3153020,G,Alphaorpheovirus,1.0,0.0,1.0,0.0,2.0
3153083,G,Finkelvirus,2.0,0.0,0.0,0.0,2.0
1481186,S,Acinetobacter phage vB_AbaM_Acibel004,1.0,0.0,1.0,0.0,2.0
2733997,S,Pogseptimavirus VspSw1,1.0,0.0,1.0,0.0,2.0
279006,S1,Acinetobacter virus 133,1.0,0.0,1.0,0.0,2.0
2733119,G,Nerrivikvirus,1.0,0.0,1.0,0.0,2.0
2733120,G,Nodensvirus,1.0,0.0,1.0,0.0,2.0
2733128,G,Saclayvirus,1.0,0.0,1.0,0.0,2.0
1414747,S1,Mycobacterium phage Validus,1.0,0.0,1.0,0.0,2.0
1273738,S1,Escherichia phage PBECO4,1.0,0.0,1.0,0.0,2.0
1279082,S1,Pseudomonas phage PPpW-3,1.0,0.0,1.0,0.0,2.0
1206558,S1,Yersinia phage phiR1-RT,2.0,0.0,0.0,0.0,2.0
10713,S,Enterobacteria phage phi80,1.0,0.0,1.0,0.0,2.0
3425958,S,Abidjanvirus PaMx11,1.0,0.0,1.0,0.0,2.0
3426221,S,Alphaorpheovirus massiliense,1.0,0.0,1.0,0.0,2.0
3427844,S,Centumtrigintavirus cv133,1.0,0.0,1.0,0.0,2.0
3433098,S,Vanleevirus vanlee,0.0,0.0,2.0,0.0,2.0
2748760,S,Poindextervirus rogue,1.0,0.0,1.0,0.0,2.0
2749430,S1,Pseudomonas phage Persinger,1.0,0.0,1.0,0.0,2.0
2750851,S1,Escherichia phage vB_EcoM_Ozark,1.0,0.0,1.0,0.0,2.0
998086,S1,Pseudomonas phage PhiPA3,1.0,0.0,0.0,0.0,1.0
10240,F,Poxviridae,1.0,0.0,0.0,0.0,1.0
10241,F1,Chordopoxvirinae,1.0,0.0,0.0,0.0,1.0
10242,G,Orthopoxvirus,1.0,0.0,0.0,0.0,1.0
10319,G,Varicellovirus,1.0,0.0,0.0,0.0,1.0
1032474,S,Betaguttavirus kodakarajimaense,1.0,0.0,0.0,0.0,1.0
10358,G,Cytomegalovirus,0.0,0.0,1.0,0.0,1.0
10365,G,Muromegalovirus,0.0,0.0,1.0,0.0,1.0
10366,S1,Murid betaherpesvirus 1,0.0,0.0,1.0,0.0,1.0
10374,F1,Gammaherpesvirinae,1.0,0.0,0.0,0.0,1.0
10375,G,Lymphocryptovirus,1.0,0.0,0.0,0.0,1.0
10397,S1,Tupaiid betaherpesvirus 1,0.0,0.0,1.0,0.0,1.0
1049283,S1,Acinetobacter phage ZZ1,1.0,0.0,0.0,0.0,1.0
10514,S2,Canine adenovirus 2,0.0,0.0,1.0,0.0,1.0
10537,S1,Canine mastadenovirus A,0.0,0.0,1.0,0.0,1.0
10552,G,Aviadenovirus,0.0,0.0,1.0,0.0,1.0
10678,S,Punavirus P1,0.0,0.0,1.0,0.0,1.0
10679,S,Peduovirus P2,1.0,0.0,0.0,0.0,1.0
45764,S1,Mycobacterium phage DS6A,1.0,0.0,0.0,0.0,1.0
542960,G,Uetakevirus,1.0,0.0,0.0,0.0,1.0
552509,S1,Leptopilina boulardi filamentous virus,0.0,0.0,1.0,0.0,1.0
558016,G,Alphabaculovirus,0.0,0.0,1.0,0.0,1.0
558017,G,Betabaculovirus,0.0,0.0,1.0,0.0,1.0
56947,S1,Choristoneura fumiferana granulovirus,0.0,0.0,1.0,0.0,1.0
64299,S1,Jutiapa virus,0.0,0.0,1.0,0.0,1.0
644524,S,Lessievirus bcepil02,1.0,0.0,0.0,0.0,1.0
680114,G,Bixzunavirus,1.0,0.0,0.0,0.0,1.0
754037,S1,Synechococcus phage S-CAM1,1.0,0.0,0.0,0.0,1.0
3424908,G,Hinxtonvirus,0.0,0.0,1.0,0.0,1.0
3425038,G,Alphafilamentovirus,0.0,0.0,1.0,0.0,1.0
3426192,S,Alphafilamentovirus leboulardi,0.0,0.0,1.0,0.0,1.0
3426538,S,Aviadenovirus senegalense,0.0,0.0,1.0,0.0,1.0
3428026,S,Coccolithovirus huxleyi,0.0,0.0,1.0,0.0,1.0
10682,S1,Enterobacteria phage P7,0.0,0.0,1.0,0.0,1.0
1071503,S1,Mycobacterium phage Trixie,0.0,0.0,1.0,0.0,1.0
10761,S,Lederbergvirus Sf6,1.0,0.0,0.0,0.0,1.0
3240571,S,Potyvirus nippodioscoreae,0.0,0.0,1.0,0.0,1.0
3241412,S,Mastadenovirus canidae,0.0,0.0,1.0,0.0,1.0
3241429,S,Mastadenovirus longumcaudae,1.0,0.0,0.0,0.0,1.0
324686,F,Guttaviridae,1.0,0.0,0.0,0.0,1.0
326574,S1,Haloarcula hispanica SH1 virus,1.0,0.0,0.0,0.0,1.0
342409,S,White spot syndrome virus,0.0,0.0,1.0,0.0,1.0
3424648,F,Filamentoviridae,0.0,0.0,1.0,0.0,1.0
3424863,C1,Ferrettivirinae,0.0,0.0,1.0,0.0,1.0
151599,S1,Pseudomonas phage B3,1.0,0.0,0.0,0.0,1.0
1527469,S1,Bacillus phage Bobb,0.0,0.0,1.0,0.0,1.0
1527493,S1,Mycobacterium phage Sparky,0.0,0.0,1.0,0.0,1.0
1540090,S1,Bacillus phage Mater,1.0,0.0,0.0,0.0,1.0
3152966,G,Fuzanglongvirus,1.0,0.0,0.0,0.0,1.0
3153187,G,Giliycovirus,0.0,0.0,1.0,0.0,1.0
315393,G,Mimivirus,0.0,0.0,1.0,0.0,1.0
318592,S2,Psittacine adenovirus 1,0.0,0.0,1.0,0.0,1.0
1269028,S1,Acanthamoeba polyphaga moumouvirus,1.0,0.0,0.0,0.0,1.0
1298634,G,Betaguttavirus,1.0,0.0,0.0,0.0,1.0
1325953,S1,Mycobacterium phage PegLeg,1.0,0.0,0.0,0.0,1.0
1327037,S,Croceibacter phage P2559Y,1.0,0.0,0.0,0.0,1.0
1327760,S1,Streptomyces phage Zemlya,1.0,0.0,0.0,0.0,1.0
1383059,S,Mycobacterium phage Adzzy,1.0,0.0,0.0,0.0,1.0
1500386,S1,Staphylococcus phage 6ec,0.0,0.0,1.0,0.0,1.0
1503929,S,Aurantimonas phage AmM-1,1.0,0.0,0.0,0.0,1.0
2842517,F1,Emmerichvirinae,1.0,0.0,0.0,0.0,1.0
2842539,G,Acajnonavirus,1.0,0.0,0.0,0.0,1.0
2842616,G,Copernicusvirus,0.0,0.0,1.0,0.0,1.0
2842683,G,Fiyodovirus,0.0,0.0,1.0,0.0,1.0
2842727,G,Henunavirus,1.0,0.0,0.0,0.0,1.0
2842739,G,Huelvavirus,1.0,0.0,0.0,0.0,1.0
2842766,G,Ishigurovirus,1.0,0.0,0.0,0.0,1.0
2732090,K,Loebvirae,0.0,0.0,1.0,0.0,1.0
2841281,G,Vapseptimavirus,0.0,0.0,1.0,0.0,1.0
2841303,S,Vapseptimavirus VAP7,0.0,0.0,1.0,0.0,1.0
2842247,O,Norzivirales,0.0,0.0,1.0,0.0,1.0
2842319,F,Fiersviridae,0.0,0.0,1.0,0.0,1.0
2842327,F,Rountreeviridae,0.0,0.0,1.0,0.0,1.0
2842409,F1,Cleopatravirinae,0.0,0.0,1.0,0.0,1.0
2842413,F1,Erskinevirinae,0.0,0.0,1.0,0.0,1.0
2842424,F1,Sarlesvirinae,0.0,0.0,1.0,0.0,1.0
2733083,G,Tigrvirus,1.0,0.0,0.0,0.0,1.0
2733090,G,Anaposvirus,1.0,0.0,0.0,0.0,1.0
2733122,G,Petsuvirus,1.0,0.0,0.0,0.0,1.0
2733139,G,Vellamovirus,1.0,0.0,0.0,0.0,1.0
2733179,G,Goodmanvirus,0.0,0.0,1.0,0.0,1.0
2733184,G,Krampusvirus,1.0,0.0,0.0,0.0,1.0
2733213,G,Seussvirus,1.0,0.0,0.0,0.0,1.0
2794947,S1,Gordonia phage Lilbeanie,1.0,0.0,0.0,0.0,1.0
2734226,S,Bridgettevirus peas,1.0,0.0,0.0,0.0,1.0
2734238,S,Goodmanvirus goodman,0.0,0.0,1.0,0.0,1.0
2734242,S,Krampusvirus krampus,1.0,0.0,0.0,0.0,1.0
2734258,S,Montyvirus stevefrench,1.0,0.0,0.0,0.0,1.0
2734273,S,Samwavirus samW,0.0,0.0,1.0,0.0,1.0
2732960,G,Carltongylesvirus,0.0,0.0,1.0,0.0,1.0
2732972,G,Aresaunavirus,1.0,0.0,0.0,0.0,1.0
2732980,G,Felsduovirus,1.0,0.0,0.0,0.0,1.0
2570911,S1,Streptomyces phage ZL12,1.0,0.0,0.0,0.0,1.0
2571252,S1,Gordonia phage ThankyouJordi,1.0,0.0,0.0,0.0,1.0
2584487,S1,Vibrio phage VAP7,0.0,0.0,1.0,0.0,1.0
2588132,S1,Gordonia phage Chelms,0.0,0.0,1.0,0.0,1.0
2588487,S1,Synechococcus phage S-SCSM1,1.0,0.0,0.0,0.0,1.0
2588502,S1,Corynebacterium phage Lederberg,0.0,0.0,1.0,0.0,1.0
2591121,S1,Gordonia phage Trax,1.0,0.0,0.0,0.0,1.0
2591370,S1,Klebsiella phage vB_KpnS_Alina,0.0,0.0,1.0,0.0,1.0
2842856,G,Matervirus,1.0,0.0,0.0,0.0,1.0
2842996,G,Quwivirus,0.0,0.0,1.0,0.0,1.0
2843155,G,Yonginvirus,0.0,0.0,1.0,0.0,1.0
2843159,G,Zedzedvirus,1.0,0.0,0.0,0.0,1.0
2843360,G,Bievrevirus,1.0,0.0,0.0,0.0,1.0
2843388,G,Halcyonevirus,0.0,0.0,1.0,0.0,1.0
2843391,G,Hnatkovirus,1.0,0.0,0.0,0.0,1.0
2843429,G,Nesevirus,1.0,0.0,0.0,0.0,1.0
2732507,C,Stelpaviricetes,0.0,0.0,1.0,0.0,1.0
2732525,C,Pokkesviricetes,1.0,0.0,0.0,0.0,1.0
2732527,O,Chitovirales,1.0,0.0,0.0,0.0,1.0
2732541,O,Reovirales,0.0,0.0,1.0,0.0,1.0
2732545,O,Amarillovirales,0.0,0.0,1.0,0.0,1.0
2732550,O,Patatavirales,0.0,0.0,1.0,0.0,1.0
2732016,G,Vipunavirus,0.0,0.0,1.0,0.0,1.0
2732047,F1,Tempevirinae,0.0,0.0,1.0,0.0,1.0
2732094,O,Tubulavirales,0.0,0.0,1.0,0.0,1.0
2732405,P,Duplornaviricota,0.0,0.0,1.0,0.0,1.0
2732406,P,Kitrinoviricota,0.0,0.0,1.0,0.0,1.0
2732410,P,Hofneiviricota,0.0,0.0,1.0,0.0,1.0
2732411,C,Faserviricetes,0.0,0.0,1.0,0.0,1.0
2732459,C,Resentoviricetes,0.0,0.0,1.0,0.0,1.0
2732462,C,Flasuviricetes,0.0,0.0,1.0,0.0,1.0
2732506,C,Pisoniviricetes,0.0,0.0,1.0,0.0,1.0
2844249,S,Jouyvirus ev207,1.0,0.0,0.0,0.0,1.0
2844258,S,Peduovirus magyaro,1.0,0.0,0.0,0.0,1.0
2844285,S,Fiyodovirus limihabitans,0.0,0.0,1.0,0.0,1.0
2844661,S,Montyvirus chelms,0.0,0.0,1.0,0.0,1.0
2845075,S,Webervirus alina,0.0,0.0,1.0,0.0,1.0
2560244,G,Tulanevirus,0.0,0.0,1.0,0.0,1.0
2560332,S,Matervirus mater,1.0,0.0,0.0,0.0,1.0
2560485,S,Betterkatzvirus betterkatz,1.0,0.0,0.0,0.0,1.0
2843630,S,Acajnonavirus acj9,1.0,0.0,0.0,0.0,1.0
2843640,S,Zedzedvirus zz1,1.0,0.0,0.0,0.0,1.0
2843728,S,Klausavirus lymara,1.0,0.0,0.0,0.0,1.0
2844147,S,Copernicusvirus Efmus4,0.0,0.0,1.0,0.0,1.0
2844166,S,Yonginvirus EaP8,0.0,0.0,1.0,0.0,1.0
2844174,S,Bievrevirus bv4A7,1.0,0.0,0.0,0.0,1.0
2844218,S,Peduovirus P22H4,1.0,0.0,0.0,0.0,1.0
2844245,S,Jouyvirus ev017,1.0,0.0,0.0,0.0,1.0
2652422,S1,Mycobacterium phage LilMcDreamy,1.0,0.0,0.0,0.0,1.0
2656541,S1,Gordonia phage Stormageddon,0.0,0.0,1.0,0.0,1.0
2663232,S1,Rhizobium phage RL38J1,0.0,0.0,1.0,0.0,1.0
2663326,S1,Erwinia phage Midgardsormr38,1.0,0.0,0.0,0.0,1.0
2681594,S1,Escherichia phage P2,1.0,0.0,0.0,0.0,1.0
2681607,S1,Alphaproteobacteria phage PhiJL001,1.0,0.0,0.0,0.0,1.0
2691085,S1,Yersinia phage vB_YepM_ZN18,0.0,0.0,1.0,0.0,1.0
2843459,G,Sparkyvirus,0.0,0.0,1.0,0.0,1.0
2599343,S1,Aphis citricidus bunyavirus,1.0,0.0,0.0,0.0,1.0
2599764,S1,Sinorhizobium phage ort11,1.0,0.0,0.0,0.0,1.0
2599828,S1,Arthrobacter phage Lymara,1.0,0.0,0.0,0.0,1.0
2599885,S1,Mycobacterium phage Yuna,1.0,0.0,0.0,0.0,1.0
2599888,S1,Streptomyces phage Alvy,1.0,0.0,0.0,0.0,1.0
260149,S,Ishigurovirus osborne,1.0,0.0,0.0,0.0,1.0
261726,S,Hapunavirus VP882,1.0,0.0,0.0,0.0,1.0
264729,S,Bcepmuvirus bcepMu,0.0,0.0,1.0,0.0,1.0
2508232,G1,Cradenivirus,0.0,0.0,1.0,0.0,1.0
2508233,S1,Charybnivirus 1,0.0,0.0,1.0,0.0,1.0
2510495,S1,Arthrobacter phage Sonali,0.0,0.0,1.0,0.0,1.0
2510585,S1,Mycobacterium phage Nibb,1.0,0.0,0.0,0.0,1.0
2517971,S1,Mycobacterium phage Typha,0.0,0.0,1.0,0.0,1.0
2530023,S1,Pseudomonas phage Psa21,1.0,0.0,0.0,0.0,1.0
2546626,S1,Enterococcus phage vB_EfaP_Efmus4,0.0,0.0,1.0,0.0,1.0
2560073,F1,Jasinkavirinae,0.0,0.0,1.0,0.0,1.0
2847062,S1,Escherichia phage ev207,1.0,0.0,0.0,0.0,1.0
2859072,S1,Vibrio phage BUCT194,1.0,0.0,0.0,0.0,1.0
2861002,S1,Klebsiella phage Geezett,0.0,0.0,1.0,0.0,1.0
2866684,S1,Shewanella phage vB_SspM_M16-3,1.0,0.0,0.0,0.0,1.0
2881392,S1,Burkholderia phage BcepMu,0.0,0.0,1.0,0.0,1.0
2881400,S1,Burkholderia phage phi644-2,1.0,0.0,0.0,0.0,1.0
2886898,S1,Burkholderia phage BcepIL02,1.0,0.0,0.0,0.0,1.0
28874,S1,Volepox virus,1.0,0.0,0.0,0.0,1.0
2845655,S,Sparkyvirus sparky,0.0,0.0,1.0,0.0,1.0
2846040,S,Cimandefvirus cimandef,1.0,0.0,0.0,0.0,1.0
2846232,S,Huelvavirus ort11,1.0,0.0,0.0,0.0,1.0
2846407,S1,Streptomyces virus Wofford,1.0,0.0,0.0,0.0,1.0
2846637,S1,Weheuvirus lutivicinum,0.0,0.0,1.0,0.0,1.0
2846681,S,Tequatrovirus zeen18,0.0,0.0,1.0,0.0,1.0
2847059,S1,Escherichia phage 4A7,1.0,0.0,0.0,0.0,1.0
2847060,S1,Escherichia phage ev017,1.0,0.0,0.0,0.0,1.0
2560487,S,Bowservirus bowser,1.0,0.0,0.0,0.0,1.0
2560569,S1,macacine gammaherpesvirus 10,1.0,0.0,0.0,0.0,1.0
2560656,S,Beetrevirus B3,1.0,0.0,0.0,0.0,1.0
2560835,S,Vipunavirus pVp1,0.0,0.0,1.0,0.0,1.0
2562142,S1,Edwardsiella phage pEt-SU,1.0,0.0,0.0,0.0,1.0
2562661,G1,unclassified Fromanvirus,1.0,0.0,0.0,0.0,1.0
2562666,G1,unclassified Dismasvirus,0.0,0.0,1.0,0.0,1.0
2845650,S,Hnatkovirus DS6A,1.0,0.0,0.0,0.0,1.0
2283267,S2,Streptomyces phage Wofford,1.0,0.0,0.0,0.0,1.0
2315597,S1,Proteus phage Stubb,1.0,0.0,0.0,0.0,1.0
2315629,S2,Citrobacter phage Sazh,0.0,0.0,1.0,0.0,1.0
2315721,S1,Spodoptera eridania nucleopolyhedrovirus,0.0,0.0,1.0,0.0,1.0
2419957,S1,Arthrobacter phage Faja,1.0,0.0,0.0,0.0,1.0
2419965,S1,Arthrobacter phage Peas,1.0,0.0,0.0,0.0,1.0
2484206,S1,Microbacterium phage Goodman,0.0,0.0,1.0,0.0,1.0
249585,G,Whispovirus,0.0,0.0,1.0,0.0,1.0
2939038,S,Peduovirus STYP1,1.0,0.0,0.0,0.0,1.0
2939039,S1,Salmonella phage STYP1,1.0,0.0,0.0,0.0,1.0
2943001,F,Casjensviridae,1.0,0.0,0.0,0.0,1.0
2943014,G,Phobosvirus,1.0,0.0,0.0,0.0,1.0
2944951,S1,Arthrobacter phage Cole,0.0,0.0,1.0,0.0,1.0
2201421,S1,Streptomyces phage Yosif,1.0,0.0,0.0,0.0,1.0
2201435,S1,Microbacterium phage Krampus,1.0,0.0,0.0,0.0,1.0
221029,S,Enterobacteria phage ST104,1.0,0.0,0.0,0.0,1.0
2905959,S1,Shigella phage Sf6,1.0,0.0,0.0,0.0,1.0
2905963,S1,Salmonella phage ST64T,0.0,0.0,1.0,0.0,1.0
2907832,S1,Mycobacterium phage Che9c,1.0,0.0,0.0,0.0,1.0
2908744,S1,Aeromonas phage pAEv1810,0.0,0.0,1.0,0.0,1.0
2913982,S1,Vibrio phage VP882,1.0,0.0,0.0,0.0,1.0
2914024,S1,Yersinia phage vB_YenM_324,1.0,0.0,0.0,0.0,1.0
2919549,S1,Aeromonas phage 65,1.0,0.0,0.0,0.0,1.0
2924887,S1,Aeromonas phage ZPAH14,1.0,0.0,0.0,0.0,1.0
2560098,G,Beetrevirus,1.0,0.0,0.0,0.0,1.0
2560101,G,Betterkatzvirus,1.0,0.0,0.0,0.0,1.0
2560106,G,Bowservirus,1.0,0.0,0.0,0.0,1.0
2560122,G,Dismasvirus,0.0,0.0,1.0,0.0,1.0
2560189,G,Novosibvirus,1.0,0.0,0.0,0.0,1.0
2894335,S1,Burkholderia phage BgManors32,0.0,0.0,1.0,0.0,1.0
2902842,S1,Mycobacterium phage Babsiella,1.0,0.0,0.0,0.0,1.0
2905945,S1,Pseudomonas phage phiKZ,1.0,0.0,0.0,0.0,1.0
2109587,S1,Moumouvirus australiensis,1.0,0.0,0.0,0.0,1.0
2169597,C1,Chebruvirinae,1.0,0.0,0.0,0.0,1.0
2169601,C1,Nymbaxtervirinae,1.0,0.0,0.0,0.0,1.0
2169611,G,Brujitavirus,1.0,0.0,0.0,0.0,1.0
2169636,G,Nymphadoravirus,1.0,0.0,0.0,0.0,1.0
2169920,S,Wanchaivirus HK106,1.0,0.0,0.0,0.0,1.0
2169921,S,Kwaitsingvirus HK446,1.0,0.0,0.0,0.0,1.0
2178928,S1,Erwinia phage phiEaP8,0.0,0.0,1.0,0.0,1.0
2948667,G,Clownvirus,0.0,0.0,1.0,0.0,1.0
2948710,G,Foxborovirus,1.0,0.0,0.0,0.0,1.0
2948732,G,Gualtarvirus,1.0,0.0,0.0,0.0,1.0
2948782,G,Keylargovirus,1.0,0.0,0.0,0.0,1.0
2948801,G,Lilbeanievirus,1.0,0.0,0.0,0.0,1.0
2079257,S,Aresaunavirus RsoM1USA,1.0,0.0,0.0,0.0,1.0
2079281,S1,Gordonia phage SteveFrench,1.0,0.0,0.0,0.0,1.0
2080449,S,Acanthamoeba castellanii medusavirus,1.0,0.0,0.0,0.0,1.0
2946196,F,Polydnaviriformidae,0.0,0.0,1.0,0.0,1.0
2946629,F1,Emilbogenvirinae,1.0,0.0,0.0,0.0,1.0
2946789,G,Alisovirus,0.0,0.0,1.0,0.0,1.0
2946800,G,Angelvirus,0.0,0.0,1.0,0.0,1.0
2946836,G,Bracoviriform,0.0,0.0,1.0,0.0,1.0
2948647,G,Caelumvirus,1.0,0.0,0.0,0.0,1.0
2948662,G,Chrysonvirus,0.0,0.0,1.0,0.0,1.0
2948665,G,Cinqassovirus,1.0,0.0,0.0,0.0,1.0
2497569,P,Negarnaviricota,1.0,0.0,0.0,0.0,1.0
2497571,P1,Polyploviricotina,1.0,0.0,0.0,0.0,1.0
2497576,C,Ellioviricetes,1.0,0.0,0.0,0.0,1.0
2499402,O1,Ronidovirineae,0.0,0.0,1.0,0.0,1.0
2501982,F,Euroniviridae,0.0,0.0,1.0,0.0,1.0
2507862,S1,Gordonia phage Asapag,0.0,0.0,1.0,0.0,1.0
2508227,F1,Ceronivirinae,0.0,0.0,1.0,0.0,1.0
2508230,G,Charybnivirus,0.0,0.0,1.0,0.0,1.0
2955564,S,Caelumvirus alvy,1.0,0.0,0.0,0.0,1.0
2955700,S,Chrysonvirus as5,0.0,0.0,1.0,0.0,1.0
2955704,S,Cinqassovirus ah1,1.0,0.0,0.0,0.0,1.0
2955709,S,Clownvirus clown,0.0,0.0,1.0,0.0,1.0
2955964,S,Gualtarvirus mp1,1.0,0.0,0.0,0.0,1.0
1982086,G,Laroyevirus,1.0,0.0,0.0,0.0,1.0
1982227,G,Steinhofvirus,1.0,0.0,0.0,0.0,1.0
1982229,S,Steinhofvirus JWX,1.0,0.0,0.0,0.0,1.0
2955237,S,Alisovirus socal22,0.0,0.0,1.0,0.0,1.0
2955318,S,Alphasphaerolipovirus serpentinense,1.0,0.0,0.0,0.0,1.0
2955346,S,Anayavirus nibb,1.0,0.0,0.0,0.0,1.0
2955352,S,Anayavirus yuna,1.0,0.0,0.0,0.0,1.0
2955358,S,Angelvirus px29,0.0,0.0,1.0,0.0,1.0
2955514,S,Bongovirus reindeer,1.0,0.0,0.0,0.0,1.0
2955533,S,Bragavirus p43,0.0,0.0,1.0,0.0,1.0
2955534,S,Bragavirus pm2,1.0,0.0,0.0,0.0,1.0
205872,S,Chenonavirus Che9c,1.0,0.0,0.0,0.0,1.0
205880,S1,Mycobacterium phage Barnyard,1.0,0.0,0.0,0.0,1.0
2065203,S1,Proteus phage phiP4-3,0.0,0.0,1.0,0.0,1.0
2948802,G,Lilmcdreamyvirus,1.0,0.0,0.0,0.0,1.0
2948822,G,Micavirus,1.0,0.0,0.0,0.0,1.0
2948914,G,Stormageddonvirus,0.0,0.0,1.0,0.0,1.0
2948937,G,Typhavirus,0.0,0.0,1.0,0.0,1.0
2948960,G,Yosifvirus,1.0,0.0,0.0,0.0,1.0
1984776,G,Agricanvirus,0.0,0.0,1.0,0.0,1.0
1984783,S,Klausavirus ArV1,1.0,0.0,0.0,0.0,1.0
1985285,C1,Ounavirinae,1.0,0.0,0.0,0.0,1.0
1985303,G,Mooglevirus,1.0,0.0,0.0,0.0,1.0
1993867,S,Fromanvirus trixie,0.0,0.0,1.0,0.0,1.0
2020879,S1,Escherichia phage OSYSP,0.0,0.0,1.0,0.0,1.0
2025809,S1,Proteus phage PM2,1.0,0.0,0.0,0.0,1.0
2053701,S1,Aeromonas phage Ah1,1.0,0.0,0.0,0.0,1.0
1921530,S,Tulanevirus aes12,0.0,0.0,1.0,0.0,1.0
1921544,G,Septimatrevirus,1.0,0.0,0.0,0.0,1.0
1922243,G,Sextaecvirus,0.0,0.0,1.0,0.0,1.0
1922246,S,Sextaecvirus sextaec,0.0,0.0,1.0,0.0,1.0
1922327,G,Wphvirus,1.0,0.0,0.0,0.0,1.0
1922328,S,Wphvirus WPh,1.0,0.0,0.0,0.0,1.0
1922351,S2,Beihai Nido-like virus 2,0.0,0.0,1.0,0.0,1.0
1922558,S,Beihai picorna-like virus 16,0.0,0.0,1.0,0.0,1.0
3044662,G,Arsenicumvirus,1.0,0.0,0.0,0.0,1.0
3044675,G,Bigmanorsvirus,0.0,0.0,1.0,0.0,1.0
1913653,G,Gelderlandvirus,1.0,0.0,0.0,0.0,1.0
1914165,G,Dhakavirus,1.0,0.0,0.0,0.0,1.0
1914899,S,Certrevirus CR9,1.0,0.0,0.0,0.0,1.0
1920860,G,Webervirus,0.0,0.0,1.0,0.0,1.0
1920865,G,Tlsvirus,0.0,0.0,1.0,0.0,1.0
1921407,G,Pakpunavirus,0.0,0.0,1.0,0.0,1.0
2956123,S,Lilmcdreamyvirus lilmcdreamy,1.0,0.0,0.0,0.0,1.0
2956191,S,Micavirus Mica,1.0,0.0,0.0,0.0,1.0
2956315,S,Phobosvirus PspYZU01,1.0,0.0,0.0,0.0,1.0
2956338,S,Priunavirus PSTCR5,0.0,0.0,1.0,0.0,1.0
2956470,S,Stormageddonvirus Stormageddon,0.0,0.0,1.0,0.0,1.0
2956575,S,Typhavirus typha,0.0,0.0,1.0,0.0,1.0
2956707,S,Yosifvirus yosif,1.0,0.0,0.0,0.0,1.0
2991867,S1,Ralstonia phage RsoM1USA,1.0,0.0,0.0,0.0,1.0
1982355,G,Pamexvirus,1.0,0.0,0.0,0.0,1.0
1982363,S,Barnyardvirus barnyard,1.0,0.0,0.0,0.0,1.0
1982560,S,Oneupvirus oneup,0.0,0.0,1.0,0.0,1.0
1982889,S,Likavirus lannister,1.0,0.0,0.0,0.0,1.0
1982892,S,Likavirus zemlya,1.0,0.0,0.0,0.0,1.0
1982900,G,Rosebushvirus,0.0,0.0,1.0,0.0,1.0
1983555,S1,Pseudomonas phage PspYZU01,1.0,0.0,0.0,0.0,1.0
2956122,S,Lilbeanievirus lilbeanie,1.0,0.0,0.0,0.0,1.0
1775248,S1,Pseudomonas phage AAT-1,1.0,0.0,0.0,0.0,1.0
1777064,S,Pseudomonas phage YMC11/07/P54_PAE_BP,1.0,0.0,0.0,0.0,1.0
1804157,S,Marine RNA virus PAL_E4,0.0,0.0,1.0,0.0,1.0
181082,S1,Emiliania huxleyi virus 86,0.0,0.0,1.0,0.0,1.0
1813771,S,Salmonella phage 118970_sal3,0.0,0.0,1.0,0.0,1.0
1821551,S1,Gordonia phage BetterKatz,1.0,0.0,0.0,0.0,1.0
1838063,S1,Gordonia phage Bowser,1.0,0.0,0.0,0.0,1.0
1838074,S1,Gordonia phage OneUp,0.0,0.0,1.0,0.0,1.0
3044782,G,Orthoflavivirus,0.0,0.0,1.0,0.0,1.0
3044823,G,Shantouvirus,1.0,0.0,0.0,0.0,1.0
3044840,G,Tepukevirus,1.0,0.0,0.0,0.0,1.0
3044847,G,Tresduoquattuorvirus,1.0,0.0,0.0,0.0,1.0
3044852,G,Varunavirus,1.0,0.0,0.0,0.0,1.0
3044854,G,Wakandavirus,1.0,0.0,0.0,0.0,1.0
3044869,G,Zhoulongquanvirus,1.0,0.0,0.0,0.0,1.0
173443,S,Lederbergvirus ST64T,0.0,0.0,1.0,0.0,1.0
3044713,G,Fajavirus,1.0,0.0,0.0,0.0,1.0
3044715,G,Ferozepurvirus,0.0,0.0,1.0,0.0,1.0
3044739,G,Innesvirus,0.0,0.0,1.0,0.0,1.0
3044753,G,Magiavirus,1.0,0.0,0.0,0.0,1.0
3044761,G,Megavirus,1.0,0.0,0.0,0.0,1.0
3044764,G,Midgardsormrvirus,1.0,0.0,0.0,0.0,1.0
3044765,G,Miltoncavirus,1.0,0.0,0.0,0.0,1.0
3044777,G,Northamptonvirus,1.0,0.0,0.0,0.0,1.0
1922594,S,Beihai picorna-like virus 5,0.0,0.0,1.0,0.0,1.0
1962299,S1,Simian mastadenovirus B,1.0,0.0,0.0,0.0,1.0
196937,F,Nimaviridae,0.0,0.0,1.0,0.0,1.0
1977139,G,Fibrovirus,0.0,0.0,1.0,0.0,1.0
1977630,F1,Klosneuvirinae,0.0,0.0,1.0,0.0,1.0
1980410,O,Bunyavirales,1.0,0.0,0.0,0.0,1.0
1980418,F,Phenuiviridae,1.0,0.0,0.0,0.0,1.0
3044688,G,Citricivirus,1.0,0.0,0.0,0.0,1.0
3060306,S,Midgardsormrvirus midgardsormr38,1.0,0.0,0.0,0.0,1.0
3060307,S,Miltoncavirus PhiPA3,1.0,0.0,0.0,0.0,1.0
1566993,S1,Arthrobacter phage vB_ArtM-ArV1,1.0,0.0,0.0,0.0,1.0
1567012,S,Clostridium phage phiCT453A,1.0,0.0,0.0,0.0,1.0
1589746,S1,Achromobacter phage JWX,1.0,0.0,0.0,0.0,1.0
1604876,S1,Escherichia phage N15,1.0,0.0,0.0,0.0,1.0
1605721,S,Pandoravirus inopinatum,1.0,0.0,0.0,0.0,1.0
1608255,S1,Suid betaherpesvirus 2,1.0,0.0,0.0,0.0,1.0
3059778,S,Bigmanorsvirus bgmanors32,0.0,0.0,1.0,0.0,1.0
3059891,S,Citricivirus chongqinense,1.0,0.0,0.0,0.0,1.0
3059993,S,Fajavirus faja,1.0,0.0,0.0,0.0,1.0
3059998,S,Ferozepurvirus pAEv1810,0.0,0.0,1.0,0.0,1.0
3060017,S,Fadolivirus algeromassiliense,0.0,0.0,1.0,0.0,1.0
3060053,S,Innesvirus RL38J1,0.0,0.0,1.0,0.0,1.0
3060177,S,Magiavirus magia,1.0,0.0,0.0,0.0,1.0
3060301,S,Megavirus chilense,1.0,0.0,0.0,0.0,1.0
3048164,S,Orthoflavivirus jutiapaense,0.0,0.0,1.0,0.0,1.0
3050311,S,Lymphocryptovirus macacinegamma10,1.0,0.0,0.0,0.0,1.0
3050323,S,Muromegalovirus muridbeta1,0.0,0.0,1.0,0.0,1.0
3050334,S,Cytomegalovirus paninebeta2,0.0,0.0,1.0,0.0,1.0
3050356,S,Roseolovirus suidbeta2,1.0,0.0,0.0,0.0,1.0
3050362,S,Quwivirus tupaiidbeta1,0.0,0.0,1.0,0.0,1.0
3051997,S,Betabaculovirus chofumiferanae,0.0,0.0,1.0,0.0,1.0
3059738,S,Arsenicumvirus M163,1.0,0.0,0.0,0.0,1.0
1852628,S1,Morganella phage vB_MmoM_MP1,1.0,0.0,0.0,0.0,1.0
1857844,G,Pecentumvirus,0.0,0.0,1.0,0.0,1.0
1864623,S,Enterobacter phage Tyrion,1.0,0.0,0.0,0.0,1.0
187218,G,Tequintavirus,0.0,0.0,1.0,0.0,1.0
1883365,S1,Synechococcus phage S-CAM22,0.0,0.0,1.0,0.0,1.0
188763,S1,Panine betaherpesvirus 2,0.0,0.0,1.0,0.0,1.0
1910931,G,Agatevirus,0.0,0.0,1.0,0.0,1.0
1910936,S,Agatevirus bobb,0.0,0.0,1.0,0.0,1.0
308911,G,Ravinvirus,1.0,0.0,0.0,0.0,1.0
3152206,C1,Daemsvirinae,0.0,0.0,1.0,0.0,1.0
3152212,C1,Guarnerosvirinae,1.0,0.0,0.0,0.0,1.0
3152637,G,Nanditavirus,0.0,0.0,1.0,0.0,1.0
3152909,G,Geezettvirus,0.0,0.0,1.0,0.0,1.0
3152914,G,Zewailvirus,1.0,0.0,0.0,0.0,1.0
12195,G,Potyvirus,0.0,0.0,1.0,0.0,1.0
1231360,G1,unclassified Uetakevirus,1.0,0.0,0.0,0.0,1.0
3060431,S,Nymphadoravirus thankyoujordi,1.0,0.0,0.0,0.0,1.0
3060700,S,Shantouvirus ZPAH14,1.0,0.0,0.0,0.0,1.0
3060728,S,Tepukevirus Psa21,1.0,0.0,0.0,0.0,1.0
3060747,S,Tresduoquattuorvirus YenM324,1.0,0.0,0.0,0.0,1.0
3060796,S,Varunavirus BUCT194,1.0,0.0,0.0,0.0,1.0
3060828,S,Zhoulongquanvirus esscess,1.0,0.0,0.0,0.0,1.0
3078442,S,Alphabaculovirus speridaniae,0.0,0.0,1.0,0.0,1.0
3080759,S,Moumouvirus australiense,1.0,0.0,0.0,0.0,1.0
1674927,S1,Streptomyces phage Lannister,1.0,0.0,0.0,0.0,1.0
1675601,S1,Caulobacter phage Seuss,1.0,0.0,0.0,0.0,1.0
169683,S,Phikzvirus phiKZ,1.0,0.0,0.0,0.0,1.0
1701811,S1,Streptococcus phage phiARI0004,0.0,0.0,1.0,0.0,1.0
1714267,F,Sphaerolipoviridae,1.0,0.0,0.0,0.0,1.0
1714268,G,Alphasphaerolipovirus,1.0,0.0,0.0,0.0,1.0
3060414,S,Nevillevirus rabbitrun,1.0,0.0,0.0,0.0,1.0
3060415,S,Nevillevirus trax,1.0,0.0,0.0,0.0,1.0
1623276,G,Barnyardvirus,1.0,0.0,0.0,0.0,1.0
1623282,G,Chenonavirus,1.0,0.0,0.0,0.0,1.0
1623284,G,Kostyavirus,1.0,0.0,0.0,0.0,1.0
1623297,G,Stanholtvirus,1.0,0.0,0.0,0.0,1.0
1623308,G,Wbetavirus,0.0,0.0,1.0,0.0,1.0
1647455,S1,Salmonella phage SEN1,1.0,0.0,0.0,0.0,1.0
1647468,S1,Salmonella phage SEN8,1.0,0.0,0.0,0.0,1.0
1647476,S,Tsukamurella phage TPA4,1.0,0.0,0.0,0.0,1.0
346673,G,Coccolithovirus,0.0,0.0,1.0,0.0,1.0
39640,S,Bracoviriform congregatae,0.0,0.0,1.0,0.0,1.0
39729,F,Potyviridae,0.0,0.0,1.0,0.0,1.0
40272,G,Roseolovirus,1.0,0.0,0.0,0.0,1.0
40631,S,Ravinvirus N15,1.0,0.0,0.0,0.0,1.0
431891,S,Stanholtvirus sv6442,1.0,0.0,0.0,0.0,1.0
432198,S1,Escherichia phage HK106,1.0,0.0,0.0,0.0,1.0
760939,S1,Acinetobacter phage Acj9,1.0,0.0,0.0,0.0,1.0
3429263,S,Hinxtonvirus ARI0004,0.0,0.0,1.0,0.0,1.0
3430115,S,Karimacvirus wofford,1.0,0.0,0.0,0.0,1.0
3431036,S,Nanditavirus cole,0.0,0.0,1.0,0.0,1.0
3431346,S,Pamexvirus AAT1,1.0,0.0,0.0,0.0,1.0
3431488,S,Orthopoxvirus volepox,1.0,0.0,0.0,0.0,1.0
3432849,S,Tlsvirus blueshaddow,0.0,0.0,1.0,0.0,1.0
3433352,S,Wbetavirus J5a,0.0,0.0,1.0,0.0,1.0
3433750,S,Charybnivirus charybdis,0.0,0.0,1.0,0.0,1.0
1150989,S1,Vibrio phage pVp-1,0.0,0.0,1.0,0.0,1.0
1162290,S1,Cronobacter phage CR9,1.0,0.0,0.0,0.0,1.0
1198014,S1,Aeromonas phage Aes012,0.0,0.0,1.0,0.0,1.0
1198976,G,Hapunavirus,1.0,0.0,0.0,0.0,1.0
1198980,G,Pbunavirus,1.0,0.0,0.0,0.0,1.0
3428900,S,Fuzanglongvirus ZL12,1.0,0.0,0.0,0.0,1.0
3428992,S,Geezettvirus geezett,0.0,0.0,1.0,0.0,1.0
3429048,S,Giliycovirus lutivicinum,0.0,0.0,1.0,0.0,1.0
10860,F,Inoviridae,0.0,0.0,1.0,0.0,1.0
1089115,S,Brujitavirus babsiella,1.0,0.0,0.0,0.0,1.0
1094892,S1,Megavirus chiliensis,1.0,0.0,0.0,0.0,1.0
11050,F,Flaviviridae,0.0,0.0,1.0,0.0,1.0
1127516,S,Pectobacterium phage ZF40,1.0,0.0,0.0,0.0,1.0
1128137,S,Moumouvirus moumou,1.0,0.0,0.0,0.0,1.0
1147144,S,Enterobacteria phage HK225,1.0,0.0,0.0,0.0,1.0
1147145,S1,Escherichia phage HK446,1.0,0.0,0.0,0.0,1.0
2733985,S,Tequintavirus OSYSP,0.0,0.0,1.0,0.0,1.0
2733995,S,Novosibvirus stubb,1.0,0.0,0.0,0.0,1.0
2734009,S1,Tlsvirus sazh,0.0,0.0,1.0,0.0,1.0
2734060,S,Eganvirus SEN1,1.0,0.0,0.0,0.0,1.0
2734064,S,Felsduovirus SEN8,1.0,0.0,0.0,0.0,1.0
2734083,S,Anaposvirus socalone,1.0,0.0,0.0,0.0,1.0
2734128,S,Petsuvirus pEtSU,1.0,0.0,0.0,0.0,1.0
2734198,S,Getalongvirus asapag,0.0,0.0,1.0,0.0,1.0
2767579,S1,Burkholderia phage Mica,1.0,0.0,0.0,0.0,1.0
2783547,S1,Providencia phage PSTCR5,0.0,0.0,1.0,0.0,1.0
2786513,S1,ssRNA phage SRR6960507_3,0.0,0.0,1.0,0.0,1.0
2786526,S2,ssRNA phage SRR6960509_15,0.0,0.0,1.0,0.0,1.0
2788829,C1,unclassified Resentoviricetes,0.0,0.0,1.0,0.0,1.0
2788865,O1,unclassified Reovirales,0.0,0.0,1.0,0.0,1.0
279383,S,Keylargovirus JL001,1.0,0.0,0.0,0.0,1.0
2733214,G,Sonalivirus,0.0,0.0,1.0,0.0,1.0
2734577,S1,Psittacine aviadenovirus C,0.0,0.0,1.0,0.0,1.0
2759393,S1,Gordonia phage Clown,0.0,0.0,1.0,0.0,1.0
2759720,S1,Ralstonia phage Cimandef,1.0,0.0,0.0,0.0,1.0
2762280,S1,Gordonia phage Rabbitrun,1.0,0.0,0.0,0.0,1.0
2762283,S1,Mycobacterium phage Reindeer,1.0,0.0,0.0,0.0,1.0
2763561,G,Fadolivirus,0.0,0.0,1.0,0.0,1.0
2767195,S1,Bacillus phage J5a,0.0,0.0,1.0,0.0,1.0
2767577,S1,Burkholderia phage Magia,1.0,0.0,0.0,0.0,1.0
764595,S1,Bacillus phage W.Ph.,1.0,0.0,0.0,0.0,1.0
76804,O,Nidovirales,0.0,0.0,1.0,0.0,1.0
79917,S1,Japanese yam mosaic virus,0.0,0.0,1.0,0.0,1.0
879630,S1,Aeromonas phage phiAS5,0.0,0.0,1.0,0.0,1.0
907191,S,Raspberry latent virus,0.0,0.0,1.0,0.0,1.0
926067,S1,Aeromonas phage PX29,0.0,0.0,1.0,0.0,1.0
2734278,S,Seussvirus seuss,1.0,0.0,0.0,0.0,1.0
2734279,S,Sonalivirus sonali,0.0,0.0,1.0,0.0,1.0
